Customer ID,Name,Gender,Age,Country,Product Purchased,Purchase Amount,Last Purchase Date,Membership Status,Feedback Score,Login Frequency,IsActiveMember,Customer Support Calls,Churn (Target Variable)
bdd640fb-0667-4ad1-9c80-317fa3b1799d,Michael Stephens,Other,56,USA,Accessories,1914.24,2024-12-15,Gold,9,14,1,8,0
23b8c1e9-3924-46de-beb1-3b9046685257,Heather Sanders,Male,69,Germany,Tablet,1502,2025-03-06,Gold,10,15,1,0,1
bd9c66b3-ad3c-4d6d-9a3d-1fa7bc8960a9,Bryan Charles,Male,46,Australia,Tablet,1153.27,2025-03-18,Platinum,6,4,1,0,1
972a8469-1641-4f82-8b9d-2434e465e150,Matthew May,Other,32,USA,Smartwatch,1262.27,2024-09-25,Gold,2,26,0,0,0
17fc695a-07a0-4a6e-8822-e8f36c031199,Alison Buchanan,Female,60,Australia,Tablet,897.24,2025-03-13,Silver,7,19,0,2,0
9a1de644-815e-46d1-bb8f-aa1837f8a88b,Cameron Cunningham,Male,25,Germany,Tablet,570.69,2025-07-03,Silver,2,5,0,5,0
b74d0fb1-32e7-4629-8fad-c1a606cb0fb3,Phillip Clark,Male,38,India,Tablet,776.35,2025-02-10,Gold,2,18,0,9,1
6b65a6a4-8b81-48f6-b38a-088ca65ed389,Sergio Murphy,Male,56,India,Phone,1539.91,2025-06-08,Silver,1,24,1,2,1
47378190-96da-4dac-b2ff-5d2a386ecbe0,Steven Smith,Other,36,Australia,Laptop,127.35,2024-12-17,Platinum,3,4,1,7,0
c241330b-01a9-471f-9e8a-774bcf36d58b,Brianna Anderson,Male,40,Germany,Phone,320.54,2025-07-19,Gold,6,2,0,9,0
6c307511-b2b9-437a-a8df-6ec4ce4a2bbd,Christopher Guerrero,Other,28,UK,Tablet,187.41,2025-04-28,Platinum,8,26,1,1,0
371ecd7b-27cd-4130-8722-9389571aa876,Adrian Tyler,Other,28,UK,Laptop,177.38,2025-05-29,Silver,9,0,1,8,0
1a2a73ed-562b-4f79-8374-59eef50bea63,Franklin Thompson,Other,41,Australia,Accessories,1725.38,2024-08-24,Gold,7,25,1,2,1
5be6128e-18c2-4797-a142-ea7d17be3111,Patrick Fox,Male,53,Australia,Phone,1436.95,2024-08-23,Platinum,4,27,0,4,0
43b7a3a6-9a8d-4a03-980d-7b71d8f56413,Karen Strickland,Other,57,Australia,Phone,1000.93,2024-09-13,Silver,6,5,1,9,1
759cde66-bacf-43d0-8b1f-9163ce9ff57f,Ashley Gordon,Female,41,India,Phone,285.88,2025-04-06,Gold,5,14,1,7,1
ec1b8ca1-f91e-4d4c-9ff4-9b7889463e85,Amanda Logan,Male,20,India,Smartwatch,1034.07,2025-06-06,None,8,1,0,1,0
4b0dbb41-8d52-48f1-942c-3fe860e7a113,Kelly Ellis,Male,39,USA,Tablet,999.6,2025-06-26,Silver,1,28,0,5,0
e2acf72f-9e57-4f7a-a0ee-89aed453dd32,Amy Mendoza,Male,19,Canada,Accessories,429.08,2025-01-31,Silver,1,2,0,4,0
3139d32c-93cd-49bf-9c94-1cf0dc98d2c1,Michael Henry,Male,41,India,Accessories,924.32,2024-08-12,None,6,16,0,9,0
a9488d99-0bbb-4599-91ce-5dd2b45ed1f0,Angel Miller,Male,61,Germany,Accessories,857.16,2024-09-23,None,10,24,1,8,1
fc377a4c-4a15-444d-85e7-ce8a3a578a8e,Ana Hill,Other,47,UK,Tablet,1270.12,2025-08-01,Platinum,2,23,0,4,0
ddd1dfb2-3b98-4ef8-9af6-1a26146d3f31,Kimberly Nguyen,Other,55,UK,Laptop,1306.68,2025-07-05,Silver,5,11,1,1,0
7412b293-4729-4739-a14f-f3d719db3ad0,Kerry Chavez DDS,Male,19,Australia,Phone,186.08,2024-10-06,None,1,17,0,4,1
29a3b2e9-5d65-4441-9588-42dea2bc372f,Michael Farrell,Other,38,USA,Tablet,811.76,2025-01-24,Gold,7,14,1,3,0
ab9099a4-35a2-40ae-9af3-05535ec42e08,Patricia Le,Male,50,Australia,Phone,1289.13,2025-01-30,Silver,1,11,1,6,1
aefcfad8-efc8-4849-b3aa-7efe4458a885,Jesse Perez,Other,29,UK,Tablet,1055.96,2024-08-06,Platinum,4,15,0,5,1
a28defe3-9bf0-4273-9247-6f57a5e5a5ab,Jesse Perry,Other,39,UK,Phone,1727.33,2025-01-19,None,9,26,1,1,1
3eabedcb-baa8-4dd4-88bd-64072bcfbe01,Jeffery Ortega,Other,61,Canada,Tablet,1351.52,2024-10-23,Silver,1,7,1,4,1
451b4cf3-6123-4df7-b656-af7229d4beef,Christian Leblanc,Other,42,France,Laptop,409.58,2025-04-30,Silver,4,27,0,6,1
b02b61c4-a3d7-4628-ace6-6fa2fd5166e6,Ronald Davis,Female,66,Germany,Accessories,234.08,2025-07-25,None,6,13,0,6,1
5304317f-af42-412f-b838-b3268e944239,Parker Cain,Male,44,Canada,Phone,1320.6,2024-09-26,None,6,24,1,4,1
0e51f30d-c6a7-4e39-84b0-32ccd7c524a5,Laurie Hoffman,Female,59,Australia,Tablet,150.37,2025-07-14,None,8,16,0,8,1
ce177b4e-0837-48a3-9261-a7ab3aa2e4f9,Bryan Gomez,Other,45,France,Laptop,1212.97,2025-04-15,Silver,1,28,0,3,1
10f1bc81-448a-4a9e-a6b2-bc5b50c187fc,Nicole Parrish,Female,33,UK,Laptop,1886.44,2024-12-01,None,7,20,0,2,1
9132b63e-f162-47e4-a9c3-49e03602f8ac,Tracy Burke,Male,32,USA,Accessories,1193.4,2024-10-06,None,1,7,0,3,0
366eb16f-508e-4ad7-b7c9-3acfe059a0ee,Kenneth Lewis,Male,64,USA,Tablet,837.52,2025-07-11,Silver,7,14,0,4,1
e27a984d-6548-41d0-bfcd-9eb1a7cad415,Courtney Rodriguez,Other,68,UK,Phone,1322.25,2025-08-03,Silver,3,26,1,5,1
24933b83-7577-40a9-a491-f0b2ea1fca65,Holly Farmer,Female,61,India,Smartwatch,970.68,2025-07-12,Platinum,8,13,0,2,0
beb79919-3f22-4af8-a3be-d01d43cf2fde,Renee Bruce,Female,69,France,Laptop,1136.67,2024-11-20,Gold,3,17,1,1,1
bf3c4c06-4343-48bc-89fa-6a688fb5d27b,Sabrina Austin,Female,20,UK,Laptop,1888.78,2024-09-11,Silver,1,19,1,3,1
956269f0-e5d7-4875-adad-d6c795a76d79,Allison Hickman,Male,54,USA,Accessories,833.6,2025-04-17,Gold,8,6,1,4,1
ff50bde4-3825-47b8-9cab-cc97663f1c97,Debra White,Male,68,USA,Tablet,1926.26,2024-12-23,Platinum,3,2,0,3,0
7e570ddf-8270-40a8-a369-b584ff5e9ff0,Ellen Morgan,Female,24,France,Smartwatch,1820.17,2024-11-11,Platinum,2,28,0,2,0
dc713d96-0c0f-4195-817a-f08a1745d6d8,Sergio Knight,Male,38,Germany,Smartwatch,472,2024-09-07,None,1,11,0,7,0
28f49481-a0a0-4dc4-a720-9bdf1c11f735,Charles Schultz,Male,26,UK,Smartwatch,231.79,2024-12-28,Platinum,3,20,1,9,0
98ae4334-6c12-4ce8-ae34-0454cac5b68c,Paul Lewis,Female,56,Canada,Tablet,291.48,2025-04-21,None,2,23,1,3,1
988c24c9-61b1-4d22-a280-1c4510435a10,Glen Wood,Male,35,Australia,Phone,134.62,2025-07-23,None,2,27,1,1,1
405cacec-8774-49a9-b7d2-1e02ff01cf99,Paula Bradley,Female,21,UK,Laptop,279.44,2025-04-15,Silver,6,25,1,1,1
f143262f-dc5c-4eed-8da0-365bf89897b9,Anthony Moore,Female,42,Germany,Tablet,1397.71,2024-10-09,Silver,1,2,1,0,0
1d53434b-b881-49b9-ae27-0da702f06b90,Megan Nelson,Other,31,France,Smartwatch,235.26,2024-08-26,Gold,2,19,0,3,0
c0398710-8976-4334-a281-7efdae849217,Karla Ramos,Female,67,France,Laptop,706.05,2025-01-06,None,6,13,0,9,1
5715bd6f-a416-4293-84c2-e2e3444ea7c8,Paul Wilson,Male,26,USA,Laptop,1705.26,2025-04-05,None,3,14,1,8,0
287d06ca-6f4c-469a-8b22-d3081c8eaee9,Douglas Gregory,Other,43,Germany,Smartwatch,144.22,2024-12-02,Gold,4,24,0,6,1
b8db0672-f42d-47cc-80d4-af5974273ca3,Mr. Andrew Foster,Female,19,France,Smartwatch,1647.49,2025-05-14,None,1,29,1,9,0
f8cda88b-436d-46e2-b83c-fe0be037e5ed,Aimee Turner,Other,37,India,Laptop,635.52,2025-05-04,Platinum,8,13,1,6,1
81f76d1c-2dbc-4134-830f-f46e8026695f,Chad Scott,Male,45,UK,Accessories,324.51,2025-05-26,None,7,6,1,6,1
a013ac6e-deda-4e16-9b3d-bd5ce9a1fa6f,Adam Burgess,Female,64,USA,Laptop,1423.8,2024-11-04,None,7,16,0,7,1
81f631d4-a392-41a7-9777-a4774c66e0a8,James Padilla,Male,24,Canada,Phone,1294.99,2025-01-19,None,3,29,0,0,1
5fb8d16c-2720-497d-b2eb-d6899be578c7,Sandra Drake,Other,61,Germany,Phone,1767.2,2025-04-17,Silver,10,11,0,9,1
f4188f3f-8a14-4e62-a95b-4715c333e861,Scott Williams,Female,25,USA,Accessories,1496.63,2024-09-10,Platinum,10,19,1,9,1
eb2263dd-87c5-421e-ac24-a3c5c754108f,Thomas Atkins,Other,64,France,Tablet,1626.61,2025-05-06,None,3,3,0,7,0
7d154385-52fb-443b-9954-6eb400257ad1,Laura Mckinney,Other,52,Australia,Laptop,635.87,2024-09-11,Platinum,2,8,0,3,1
5cec4eb5-edd9-4831-9ca3-5cfb04fc6d82,Brian Smith,Female,31,France,Phone,437.14,2024-08-06,Platinum,1,5,0,3,0
ce88cb2d-d4e8-4839-bc3e-058be0f3eab0,Robert Montgomery,Other,34,Canada,Laptop,1526.17,2024-10-27,Platinum,7,15,1,3,0
3da9c2a9-0ed4-4f1a-bd4c-bf374eb93eff,Tamara Davis,Male,53,Canada,Accessories,1632.99,2025-02-07,Gold,7,24,0,5,1
14296c07-f26b-4776-913e-4de2e0c53cb8,Dana Chapman,Other,67,Canada,Smartwatch,1981.96,2024-09-05,None,2,27,0,6,0
d0e6e660-7c69-4ee1-bb5e-4bcf15ed6269,Jennifer Collins,Male,57,Canada,Accessories,883.97,2024-09-26,Silver,7,21,1,5,0
885f6e66-c2b6-42c5-ba5d-310011b7e948,Gary Jackson,Male,21,Canada,Accessories,806.83,2025-03-24,Silver,8,21,0,0,0
a8e56e0c-20de-435d-a031-d750c40db9b4,Ashley Hicks,Other,19,India,Accessories,1575.18,2024-11-01,Silver,1,20,1,7,0
2a45c2ab-8cbf-4db0-b264-accc79ac1b1e,Hannah Luna,Male,23,UK,Phone,747.53,2025-02-23,Silver,9,20,1,9,0
9b49bd26-df57-459a-8715-a10343dac043,Robin Young,Female,59,Germany,Accessories,1868.44,2025-04-27,None,7,1,0,6,0
edcd465e-3638-4821-b6e0-7cc06c52c49f,Craig Morrison,Male,21,USA,Smartwatch,1730.98,2025-01-25,Silver,3,23,1,5,1
b09b2a5c-badc-432a-8159-0f538a0f4efb,Mary Thompson,Male,46,Canada,Smartwatch,915.09,2024-08-09,Platinum,8,7,0,5,0
66245bfa-4fcc-439a-b683-d2e6337ea2df,Kathleen Webster,Male,35,UK,Smartwatch,1526.66,2024-08-09,Gold,7,10,1,4,0
5f987c71-a65e-488e-abf3-ad39fec21bbe,Joann Glass,Female,43,France,Tablet,1533.63,2025-05-03,Silver,8,12,0,5,0
7394988f-847f-49b4-a64d-1bcb702753a1,Madison Weber,Female,61,UK,Accessories,295.94,2024-12-17,Platinum,6,16,1,8,0
1064005c-3985-43cf-bf76-be1d1efa2197,Lori Hernandez,Female,51,Canada,Smartwatch,1814.85,2025-06-19,Silver,9,7,0,9,0
8dcdcd03-969b-4662-8562-8059568cc69b,Jeremy Turner,Other,27,Australia,Tablet,1059.98,2024-09-21,None,5,20,0,8,0
01d74256-3860-4ab6-96a4-02f23ae8cc93,Anthony Romero,Female,53,USA,Accessories,1670.27,2025-07-06,Platinum,3,17,0,9,1
0f1259e0-a18f-46b6-b535-106e122c9a56,Jesse Brown,Male,31,Canada,Accessories,708.09,2025-01-17,None,3,29,0,7,1
080aadfb-e7c9-4b26-9141-25c63a9bedd4,Angela Lin,Female,48,UK,Laptop,1801.49,2025-05-02,Silver,1,17,1,9,0
839fbc50-1223-4513-9496-f63cdc1110c1,Lisa Hunter,Female,65,France,Accessories,839.48,2024-09-26,Platinum,8,13,0,8,1
7c441fe7-ab42-40a7-874a-493b3ceddf2d,Julian Conner,Male,32,UK,Laptop,120.59,2025-02-07,Platinum,2,14,0,9,1
b92da22b-21df-406f-8a0b-3c3336d8393a,Joanna Pacheco,Other,25,Canada,Phone,1820.23,2024-09-02,Platinum,3,5,0,7,0
93829b43-922f-415a-a1e3-db63ef7ddc76,Erica Alvarez,Female,31,Germany,Phone,273.44,2024-11-02,Silver,8,10,0,7,0
7914c120-c8dc-419f-be35-11287900f7f9,Antonio Garcia,Other,40,UK,Tablet,706.7,2025-01-01,Gold,8,12,1,0,1
1825bc54-30be-445f-a835-14f2ceb81f9d,Gwendolyn Klein,Other,57,Germany,Laptop,1905.12,2024-09-09,Gold,4,24,0,9,0
5ab33edf-6e59-4ed3-a8b3-17fa18d0752b,Carrie Wright,Other,38,Canada,Phone,1906.15,2025-05-16,None,4,0,1,4,0
dd2467ac-778e-4db3-a93d-ffbc6c6fa611,Jeffrey Mills,Male,33,UK,Phone,1189.53,2025-06-15,Gold,5,27,0,3,1
a748dbcf-ac61-4e63-8dde-29a6baa4b71a,Jake Campbell,Other,62,France,Phone,1300.49,2024-09-14,Silver,6,5,1,1,1
0f844fef-1931-49ee-a56c-0941fbf24050,George Harper,Other,35,India,Accessories,952.05,2024-09-15,Platinum,5,8,1,7,0
ccf3a171-56dc-4907-ba6c-34ab6712303a,Maria Jones,Male,64,India,Laptop,657.1,2024-12-05,Platinum,7,7,1,2,1
310c0c00-3fa7-4104-9bf9-0e27dc96925e,Michael Mitchell,Other,41,Germany,Phone,724.46,2024-12-26,Silver,2,10,1,3,0
23e2fcb4-72d8-467d-894a-05e430b187ef,Mary Escobar,Other,43,Canada,Laptop,1377.79,2025-07-14,Platinum,7,21,0,6,0
766ecb15-474e-4c19-aef9-12766c006f61,Felicia Aguilar,Male,42,Germany,Smartwatch,1529.51,2024-11-30,Gold,10,18,1,9,0
134c6c92-ec5b-427c-9fde-4fbf3ff350bf,Gregory Ponce,Male,62,Canada,Smartwatch,1604,2024-09-28,None,7,23,1,8,0
db20a56e-dc81-4fe7-8eda-8bbb71710434,Jenna Larson,Female,58,Canada,Accessories,1600.27,2025-01-01,Silver,1,8,1,1,0
a6f2f7b8-0cf3-4b58-9910-8be58ce21ea3,Emily Bennett,Female,46,India,Smartwatch,273.29,2025-06-02,Platinum,7,16,0,2,0
03c72ba8-d605-4770-8a63-f881ffd0f9d5,Robin Santiago,Female,32,France,Tablet,1039.4,2025-06-17,Silver,5,11,0,3,1
c0e9ab30-ed26-42e9-97e0-11b7f8102383,Nancy Jennings,Other,62,France,Laptop,209.36,2025-05-25,Gold,3,24,0,9,1
680ac07a-2a93-4d62-bc83-5dc0d9441fa5,Maria Henderson,Other,18,UK,Phone,1144.1,2025-07-11,Platinum,3,13,1,0,1
dd59ba71-36b8-4481-bb3a-4e3e7c52fa17,Jack White,Other,42,Germany,Tablet,938.91,2024-09-26,Platinum,4,14,1,6,1
2a25a888-0f02-4ad0-a706-7ef466aa9385,Travis Tucker,Male,24,France,Tablet,1786.64,2025-04-12,Platinum,2,15,1,1,0
63f2ae24-fc3d-4348-808d-4127610461e3,Chad Jones,Other,26,Australia,Smartwatch,766.74,2025-04-25,Platinum,2,21,1,4,1
c8fe3ccd-c8b8-49c6-ad30-49cf43e458fc,Ashley Wise,Female,41,USA,Laptop,322.43,2024-09-30,Silver,1,21,0,0,1
b253d218-6c4a-47ea-8906-17f2747b6dba,Sophia Johnson,Male,18,UK,Phone,371.68,2024-09-01,Gold,5,27,1,2,1
c88a618e-fed4-457d-bb02-6576f512c4c3,Ralph Anderson,Male,61,UK,Tablet,1546.87,2025-02-28,Gold,4,19,0,1,0
7c967f79-b7e9-4aca-a970-65e18e46d534,Christopher Guerra,Male,25,India,Accessories,1274.61,2025-03-12,None,10,0,1,0,0
37bb3eec-4bf5-4b52-b09d-258c27a0c3d7,Rhonda Martin,Female,41,Germany,Phone,292.13,2024-08-09,Silver,2,9,1,6,1
bc594585-9445-48c0-8ef8-c2d6f7fd5646,Jason Rhodes,Female,28,Australia,Smartwatch,259.8,2025-03-31,Gold,3,7,1,4,0
504867ba-bf7b-439b-8f9a-ea4b8acd4e10,Jeremy Mitchell,Female,68,France,Laptop,1431.84,2025-04-15,Silver,7,17,1,0,0
7a0ecfea-958c-49ba-8cd6-20c20ea2622b,Joann Ferguson,Male,34,France,Accessories,238.25,2024-10-08,Silver,7,27,0,5,0
87f7e1fb-da4b-49ca-ab5c-f46780bacd64,Robert Harrison,Male,25,Canada,Phone,1661.53,2025-01-23,Gold,4,0,1,4,1
82010c62-f5f5-4b22-8e8f-a8e0284d82e5,Holly Valentine,Other,52,UK,Phone,1441.86,2024-12-20,None,5,1,0,2,1
118a9d29-2f92-4996-99f1-95d014822f53,Mrs. Diane Reyes,Other,52,Germany,Tablet,254.56,2025-05-13,None,5,0,1,6,1
dca02eec-acda-4acc-9165-e21098543881,Tracy Montoya,Female,50,Germany,Phone,261.19,2024-10-27,None,6,0,0,9,1
f10c718b-1eb0-438a-a75d-d5af3c365296,Brenda Wright,Male,22,Germany,Laptop,1974.62,2025-04-06,Platinum,9,8,1,8,0
94340a03-3f07-4814-91d6-3f78e3e9de99,Shelly Spencer,Other,59,Canada,Laptop,811.11,2025-05-23,Gold,2,12,0,8,0
14fcdd54-9e8f-4965-8a2c-827e98326856,Ryan Rosales,Female,56,India,Phone,804.22,2024-10-03,Platinum,5,29,1,8,0
90b2b633-956b-4c0c-a849-9b926b5252e3,Phillip Nelson,Female,58,France,Tablet,1644.32,2025-07-29,Platinum,3,0,1,1,0
42c18a62-ef48-48d5-90fd-9d3f85d51695,Brittany Kim,Other,45,Germany,Accessories,1899.77,2025-01-12,Platinum,4,12,0,2,1
506e5a9a-b758-488d-ab73-295b344a54b8,Courtney Hayes,Female,24,Australia,Accessories,1973.4,2025-04-02,Silver,10,19,0,6,1
21813d25-6552-48a6-83ff-50113d1a85dd,Alexander Brown,Male,26,Australia,Tablet,1531.42,2025-04-29,Silver,6,25,0,4,1
750cab75-4ccc-4bc2-a53f-8a28abf3e3fc,Cynthia Vang,Female,25,Canada,Smartwatch,814.89,2025-01-24,Gold,8,21,0,1,0
ef8c485b-c07a-40f2-add4-253b50f0fd0a,Alfred Galvan,Male,29,India,Laptop,258.65,2025-07-05,Gold,1,6,1,2,0
9f044aed-7552-4327-8262-7f7312922f83,Marie Moody,Male,51,Canada,Smartwatch,1576.58,2024-10-29,Silver,10,1,1,9,0
19985f15-ff00-4d4d-9020-59e4ff9ab5c2,Dustin Gallegos,Other,50,USA,Tablet,1160.97,2024-09-08,Silver,8,5,1,5,0
8181a8cc-3691-47eb-89a2-688b12c136e0,Brenda Thornton,Other,65,UK,Smartwatch,906.02,2025-07-20,Platinum,7,6,0,6,1
5958a499-eeea-463e-a1e8-ac6843e42caf,Aaron Miller,Other,40,France,Tablet,1822.07,2024-09-14,None,1,25,0,8,1
3e896c64-e117-4ac3-919c-4ea3e1805081,Ruben Dunn,Female,41,Canada,Accessories,311.28,2024-09-29,None,2,13,1,0,0
702cdd20-2862-48b8-88f4-ef125e9953d2,Kelsey Rodriguez,Other,54,Canada,Accessories,1035.99,2025-05-25,None,3,25,1,6,0
4d71c366-b41b-4143-8b10-550cd5704f32,Eric Williams,Other,52,France,Smartwatch,121.57,2024-09-22,None,1,17,0,7,1
ce9e1a11-fcbb-4e59-bbdd-cf7c9c96e9ec,Riley Bryant,Female,61,UK,Smartwatch,990.46,2025-03-22,None,9,14,0,2,0
aaf91531-0200-41f0-8768-a84fa76afde6,Taylor Carlson,Other,57,USA,Laptop,206.98,2025-05-16,Platinum,8,1,1,3,0
ee87905e-4ca4-45ea-8dfa-6a56d12dbc9a,Jose Allen,Female,39,Australia,Accessories,325.75,2025-01-02,Gold,2,9,1,9,1
e0ccedc5-f05d-476e-9a84-a51aa9d3d7c7,Jeffrey Mendez,Female,44,Australia,Laptop,323.3,2024-12-20,Silver,9,22,1,5,0
e3c43657-1d8c-4bac-83b4-09ef2260e70f,Jason Beck,Male,52,India,Smartwatch,1333.5,2025-01-19,Platinum,7,11,1,9,0
27cb6f2a-8da0-4097-be0f-051b1b66b5a9,William Jones,Male,18,Canada,Tablet,1517.49,2024-12-06,None,9,16,1,6,0
35ebd32d-9ad6-40ab-8821-2ddb45b89cd9,Katie Mcneil,Other,52,UK,Accessories,1208.4,2025-06-09,Silver,6,7,0,3,1
afffcfd2-341e-440b-97c7-00aab7b56ea7,Jeanette Harrison,Female,54,India,Tablet,1928.13,2024-09-29,Platinum,6,10,0,7,0
81627cf1-4394-42e6-9a58-7e8aa25d6b29,Veronica King,Male,64,Australia,Laptop,812.25,2024-11-10,None,4,28,1,4,1
e87d1c78-e7c4-41c7-8049-7b717d106c60,Richard Cooper,Male,31,India,Laptop,642.85,2024-11-21,Platinum,10,2,1,0,0
a2607723-17a0-4f49-8d01-280fd89a40c0,Lori Ingram,Male,20,India,Phone,1750.34,2025-04-13,Silver,10,26,0,3,0
0b49452d-46d4-43f3-9450-281c6c6f7633,Evelyn Williams,Male,18,USA,Accessories,524.83,2024-09-07,Gold,2,5,0,2,1
217d65a0-c568-41cd-9563-f61600e85ece,Robin Thompson,Other,22,USA,Accessories,1930.12,2024-11-10,None,7,8,1,8,1
295d6fbf-430f-401d-bad4-09e2a319dcb4,Julie Dominguez,Male,43,India,Laptop,123.09,2025-03-08,Silver,5,5,0,7,1
b4a69f3c-8d3a-4d99-b11c-21c9bdc14f1f,Robin Brown,Other,31,Germany,Tablet,1942.77,2025-03-27,Silver,6,8,0,0,0
1ca3c448-0279-46a6-8f97-97b06d7ce3c9,Judith Carter,Female,56,France,Accessories,182,2025-03-27,Gold,2,6,1,5,0
b0e6a969-e213-42b0-b1ee-dba313432e61,Curtis Williams,Other,44,Australia,Laptop,1793.17,2025-05-13,Platinum,5,8,1,8,1
093923de-8bab-4e3b-a628-6bfbe767dcea,Kaylee Hays,Male,26,Australia,Phone,1102.63,2025-03-29,Gold,10,17,1,6,0
8d7248e2-951f-48d0-9e84-f058d5a804eb,Dawn Mullins,Female,32,USA,Smartwatch,1986.63,2024-11-24,Gold,4,11,1,3,0
0ab54bde-20a0-4502-ae06-809725e97977,Howard Norman,Female,32,Germany,Accessories,240.21,2025-06-04,Platinum,9,7,0,0,1
eededb07-e623-4689-9d59-cd2a4eea04e7,Evelyn Martinez,Other,43,Germany,Smartwatch,1152.32,2025-08-06,Platinum,6,7,0,1,0
0a368ce7-dc57-4131-b8e1-daa7cbceabde,Steve Paul,Female,59,Canada,Tablet,1941.67,2025-05-01,Platinum,2,17,1,4,0
ae9bec36-35c7-436c-9b99-62c6e61fecc0,Jasmine Beltran,Other,30,France,Phone,1093.89,2024-08-16,Silver,1,27,0,4,1
5a8aaeca-1a50-4ec3-aabc-25fa3fe12e47,Jonathan Glass MD,Female,68,India,Accessories,1295.86,2025-07-01,Silver,5,29,1,7,1
dfed2c43-e256-46dc-8f54-86b7c7b5b2bc,Monica Miller,Other,49,Canada,Smartwatch,1421.92,2025-06-30,None,9,19,1,5,1
bfddc3d9-9ee3-4c2a-b94d-62046808593f,Samantha Gardner,Male,56,Canada,Smartwatch,963.63,2025-04-18,None,6,29,1,7,0
3c9ad14c-ee0c-4eb5-acfe-db992790cebd,Bobby Guerrero,Other,66,Germany,Laptop,1292.36,2025-07-12,Gold,10,14,1,1,1
ccc56569-f9e8-4369-a999-b735dd56cc94,Lance Simmons,Other,69,Germany,Smartwatch,1210.2,2024-12-01,Gold,7,26,0,2,1
698c206f-e1a4-4e10-ad53-4dd0cf8ebc5a,Heather Williams,Male,49,Germany,Tablet,1812.2,2024-10-24,None,5,6,1,5,1
ecab3301-bc8f-4d29-adea-94930658663a,Heather Bolton,Other,21,India,Smartwatch,186.35,2025-02-23,Gold,10,10,0,9,0
696608aa-ee49-4329-884a-7b28550a1b46,William Gould,Other,47,India,Tablet,633.83,2025-03-29,Platinum,6,19,0,2,1
bc2cbb0d-dd33-4cc7-ab7f-089acd5f4822,Mark Cox,Female,54,Canada,Tablet,1905.78,2025-02-19,Silver,5,15,1,5,1
28c13091-444d-410b-bf87-e362cf8d446a,Meghan Cisneros,Other,40,Canada,Laptop,1791.5,2024-10-18,None,9,3,1,5,1
61ee411a-1bac-47a7-b386-f7a4c991603f,Lawrence Harrington,Female,56,USA,Phone,965.75,2025-05-23,Silver,6,5,0,1,0
787f2425-dbcc-4477-89e9-db0adf465290,Austin Osborne,Male,62,Australia,Tablet,1278.25,2025-01-05,None,8,25,1,6,1
eb1fa9f2-d10b-41d0-b317-347038f16a81,James Bradley,Female,32,Australia,Smartwatch,627.02,2024-11-28,Silver,2,21,1,1,0
d20eac17-4e20-4d1a-9983-36e375d66ed4,Meghan Rush,Female,60,Australia,Smartwatch,457.43,2025-04-13,None,9,25,1,5,1
39118497-3a43-42ba-9f0f-06cbcb9bc326,Phillip Berry,Male,46,USA,Tablet,981.03,2024-08-27,Silver,5,2,0,0,0
6601ddd0-3170-4437-a8f7-ef5a060edf5b,Jennifer Banks,Female,53,Australia,Smartwatch,771.37,2025-06-06,Platinum,7,8,0,2,0
11c58ef0-dd46-4c09-8752-87aa5408f9ac,Brian Fitzgerald,Male,30,Germany,Accessories,1208.95,2025-07-20,None,10,27,0,1,0
59e4b671-4774-4c58-85f8-bc16f7860b50,Mr. Justin Green III,Other,49,India,Laptop,247.7,2025-06-10,None,1,9,1,6,1
adf4e62d-6651-429e-8268-690ba43825b5,Zachary Mitchell,Other,24,India,Smartwatch,1951.35,2024-11-06,None,10,13,1,3,0
54c63cd8-8945-4f27-97fa-2d8dfb2ca025,Katherine Martinez,Female,68,Australia,Laptop,1973.8,2025-02-14,Platinum,5,10,1,7,1
e08596db-1d87-4966-8710-d430f071d879,Jodi Roach,Other,39,Canada,Tablet,1426.51,2025-01-02,Silver,10,17,1,5,0
94a1875d-2db6-4edb-82de-ffccf86c2ca2,Brandon Fleming,Male,45,France,Tablet,1118.58,2024-09-18,None,2,21,0,9,1
09cb3942-43f5-4a85-bbc9-f87af668a617,Emma Reed,Other,19,Germany,Tablet,688.1,2024-11-07,Silver,6,11,0,3,1
587ef344-6f3f-420c-98b8-e4cc1bc044fc,Joshua Vance,Male,59,USA,Laptop,1646.21,2025-02-16,Platinum,1,22,1,4,1
6fb78271-504d-481f-8953-5b63ba81edd9,Michelle Ho,Other,62,France,Smartwatch,1400.99,2025-04-10,Gold,3,11,0,8,0
1d9af659-82ec-4f2d-bbf6-e16f9b3080d5,Rebecca Hicks,Female,23,India,Accessories,408.97,2025-03-24,None,5,12,0,6,0
30a900ad-939b-462d-a645-f129629c2ae3,Curtis Taylor,Other,45,Australia,Laptop,1830.76,2024-09-02,Platinum,4,24,0,9,0
6fa17735-b572-43d0-8b5c-ea6a41357e8c,Allison Spencer,Other,45,USA,Accessories,1662.82,2025-02-27,Silver,3,12,0,8,1
ce777f00-ecf2-4e76-8519-7ff4006ed6e3,Robert Arnold,Other,61,Germany,Smartwatch,1904.62,2025-07-17,None,10,18,1,6,1
f0b5156b-b82c-4074-afd5-dea589d7fd6c,Angelica Parker,Male,61,India,Smartwatch,1478.87,2024-08-10,Silver,5,25,1,0,1
3270e4fa-abae-4f43-bcae-8081bdf070aa,Dr. Kelly Hammond DVM,Male,37,Australia,Laptop,1265.49,2024-12-24,Gold,8,18,1,7,1
f2e9702d-11e9-4daa-ae69-81a35d3d9e56,William Day,Female,47,Germany,Phone,894.66,2025-08-03,None,4,22,0,3,0
9f871ce7-5487-4d4f-abb7-a385aa0b7b14,Michael Cooper,Male,28,Canada,Accessories,1872.18,2024-12-06,None,1,13,0,2,0
1fe771d6-d917-4793-a9d3-c2e6505cc686,Penny Bowman,Other,45,France,Tablet,1745.52,2024-09-26,Silver,7,3,1,6,0
81d2c7de-4ce1-4b90-a669-7833b841d0a0,Vincent Reynolds,Other,42,France,Accessories,185.92,2025-01-03,None,8,12,1,2,0
5380b904-688c-4015-aab9-7e494f2d4796,Amy Martinez,Male,56,France,Smartwatch,150.1,2025-07-06,Platinum,3,7,0,7,1
8dedf9fb-4bb0-4f20-b27c-40266703b636,Christopher Morris,Other,50,UK,Smartwatch,815.28,2025-06-27,Platinum,6,28,1,5,1
aa38d0a1-6ba2-4efe-b11c-6eb62095eef6,Hannah Everett,Female,18,Australia,Laptop,1640.05,2025-03-14,Gold,2,22,1,4,1
bf85bf0e-ad64-456c-a10f-aa3ff0bbac67,Sarah King,Female,44,Germany,Phone,1975.82,2025-01-16,Platinum,7,20,1,3,0
91b0e1d9-9d92-42af-ac8d-0e44e71e43a6,Krista Martinez,Male,69,France,Tablet,385.79,2024-12-25,Gold,8,22,1,7,0
d56f0350-8c45-4ce2-a7f4-8ad54d0b0d1a,Joseph Shaw,Male,30,Australia,Accessories,1228.85,2025-03-06,Silver,6,18,1,7,0
35ce8841-4973-4d6c-8dca-bfb7001a9a8b,Todd Moore,Female,58,Canada,Phone,823.69,2025-04-28,Silver,6,11,1,0,1
9b4e2c24-9479-41e6-8927-7d9b6e0d2648,Michelle Jacobs,Female,20,France,Tablet,1942.84,2024-10-12,Gold,5,17,0,8,0
7118e364-7709-4749-927e-ecfaa79ac9aa,Kristy Bryan,Male,56,Germany,Smartwatch,1700.03,2025-05-29,Platinum,8,5,1,4,1
82dc4c8e-36b5-429a-acf5-e81e71316269,Angel May,Male,23,Australia,Smartwatch,1692.82,2025-02-04,Platinum,1,17,1,3,1
f5b78cc7-e6b3-4944-8b32-3e357922bac2,Marilyn Wang,Male,25,France,Laptop,990.52,2025-06-01,Gold,10,18,0,5,0
a8aa7158-2b70-4525-bc67-f831cbc84759,Mark Jimenez,Other,44,Germany,Laptop,888.16,2024-09-03,Gold,4,21,1,5,1
a9f25336-83f4-49a9-88a6-39d015b52908,Donna Frye,Male,26,India,Accessories,619.47,2024-08-12,Silver,4,4,1,1,1
17e8392a-55ce-45db-9e87-e04ca2086977,Dr. Michael Evans,Male,54,Canada,Phone,207.11,2025-03-22,Gold,3,23,0,7,1
3c20592f-c04a-46c4-b3b6-3fe1d1843324,Anthony Gonzales,Other,50,Australia,Phone,1742.97,2024-09-01,Platinum,3,8,1,6,0
ce7ae7f6-3982-4cff-8f77-a665ac3c5640,Mr. Lawrence Edwards,Female,68,Germany,Tablet,1644.51,2024-08-11,Gold,4,26,1,0,0
0bd4a990-0640-4e0f-a5b8-fd4b32fa2de8,Morgan Valencia,Male,59,Germany,Accessories,1999.46,2024-11-15,Gold,1,2,0,4,0
9c7c7377-79a2-4903-bbe3-3b243eae0032,Bianca Wood,Other,61,UK,Laptop,1993.61,2024-10-28,Gold,2,27,0,5,1
74962764-12a4-4ef0-84bb-b7a9d98868dd,Emma Owens,Male,41,Australia,Accessories,1155.32,2024-08-21,Silver,9,9,1,3,0
935f2b0a-a138-4ddc-a2d9-de5d6a18ce4c,David Davis,Male,32,India,Smartwatch,1561.08,2025-07-30,Gold,10,18,0,1,0
624c69b6-b244-45a7-b7e5-848131c681ec,James Gilbert,Other,49,Australia,Laptop,1895.05,2024-08-29,None,2,2,1,3,1
25c73c44-3e75-43b4-a64f-a6637e8f8095,Sean Moore,Female,49,Canada,Phone,1714.33,2025-06-08,None,5,28,0,0,1
e4855aa1-016b-4287-b008-05cca7f36ae9,Kenneth Edwards,Other,41,UK,Laptop,569.96,2025-01-07,None,9,28,0,6,1
e2add909-c521-4f2d-9c45-d539c03f3538,Kathleen Robertson,Male,58,Australia,Smartwatch,956.03,2025-02-18,Platinum,9,21,0,1,1
3805f907-6cd6-4193-8746-8f591b494e15,Mr. Alexander Landry MD,Female,69,Australia,Laptop,345.4,2024-11-25,Platinum,8,14,0,1,0
b227462c-f53d-4330-8dda-24ba2d06e8cf,Cindy Gomez,Other,66,France,Phone,1912.7,2025-04-07,Gold,1,0,0,8,0
8eb22579-0cdb-4ca4-b6ec-bdd68498e113,Johnny Khan,Other,66,Germany,Smartwatch,1251.73,2025-05-09,None,1,6,0,4,0
1f115b76-d92c-4227-aadf-50853fcb7546,Julie Herrera,Female,69,Canada,Tablet,534.42,2025-02-16,Silver,9,11,1,1,1
76f2dbfe-cd29-436f-a222-82e174daaebf,Jessica Khan,Male,29,India,Accessories,1376.23,2025-05-30,None,8,16,1,8,1
8f15ba58-fce6-4504-87f8-424daae65fc1,Pamela Diaz,Other,56,UK,Tablet,1274.44,2025-01-14,None,10,29,1,8,1
c1581092-f335-4ba3-913a-7052986f9025,Kelly Lee,Other,19,Germany,Smartwatch,780.51,2025-01-17,Platinum,9,20,0,0,1
d0a44432-9cd6-4852-b14c-7df4e4347d51,Angel Gordon,Other,20,USA,Smartwatch,315.76,2025-05-05,Platinum,7,25,1,2,1
6d3ee1dc-8139-4443-a45b-712eb8225688,Diana Hays,Male,66,Canada,Smartwatch,1375.99,2025-01-09,Silver,3,28,0,3,0
722764e6-8c41-461b-a827-a1b9d4a02e53,Barbara Hester,Other,54,UK,Phone,1088.58,2024-09-07,Platinum,3,23,1,6,1
dc8aee30-be60-43f7-a8be-9288e5af6e39,Robert Morgan,Female,66,India,Smartwatch,1567.4,2025-04-11,Silver,2,19,1,9,1
c074718e-425a-409f-b337-c59979844388,Nicole Gonzalez,Female,34,UK,Accessories,1088.31,2025-03-02,Platinum,5,4,0,3,0
46fde062-a33d-47af-9701-410d3f4b1a70,Kathryn Williams,Other,66,UK,Phone,1719.14,2025-03-02,None,3,3,0,1,1
7c0e8cd8-8573-4793-8715-b2b9c40c5d91,Gary Wells,Other,19,UK,Smartwatch,1148.62,2025-04-02,None,6,27,0,6,0
709b7d97-464c-44af-bd3f-3799a07295e9,Larry Robertson,Female,19,France,Phone,1165.78,2024-10-04,Silver,2,11,1,5,1
3c07c574-4925-4af1-b6aa-e05b13d5f2f7,Louis Martin,Female,45,USA,Accessories,1765.64,2024-11-21,Silver,3,29,1,2,0
e49d681d-51d8-4c64-95fa-1ab8458f1f19,Nancy Evans MD,Other,40,India,Accessories,866.62,2024-09-07,Platinum,5,19,1,5,0
269cd696-236c-4b87-94a0-bccb8a476a87,Kim Erickson,Female,54,India,Phone,354.63,2024-12-04,Platinum,1,27,1,5,1
271e3ee2-b1a6-41f1-a20e-99d33b33f3d8,Robert Richardson,Male,49,India,Laptop,154.69,2024-09-05,Silver,1,23,0,4,0
6a34c854-1071-4d51-b6c5-9dacb4d7e28e,Veronica Silva,Male,50,Germany,Tablet,1534.76,2025-02-20,Silver,10,17,1,3,1
7746d0ba-8ae8-405b-94b4-a48268586eba,Molly Watts,Male,18,Canada,Smartwatch,1278.59,2025-07-29,None,9,16,1,9,1
d5385b0e-34f3-493c-8ff0-a55c6a702e2f,John Coffey,Male,36,India,Tablet,1437.75,2024-10-23,None,7,18,1,0,1
c51155ff-e7a3-4e81-a3b4-c08b6b8e869f,Paula Lane,Female,19,Canada,Accessories,504.63,2025-06-15,Silver,1,8,1,9,1
05000bc6-b20d-4b6e-b231-1f1795863a76,Lauren Jackson,Male,61,India,Tablet,359.11,2024-10-05,None,8,3,1,5,1
9360715f-c3fe-4183-a172-b725db52ca58,Lisa Randall,Other,43,USA,Laptop,127.63,2025-03-02,Gold,3,25,0,1,1
f1578470-0182-47c4-ba1b-58066160a6b4,Michael Johnson,Other,49,Germany,Tablet,766.12,2024-12-10,Platinum,8,20,0,2,1
63d62a39-c0e3-4efd-8c71-e0fe5a0cdd7c,Ashley Smith,Male,23,Germany,Tablet,1220.84,2025-01-04,None,5,1,1,7,0
d5f25073-f414-42b1-a442-9ebbda7b9095,Christian Vaughn,Other,49,UK,Accessories,845.26,2025-03-21,Gold,1,3,1,9,1
bc10fa52-bf5d-4fdf-89c8-d2ab6b44fa8d,Reginald Knapp,Male,21,France,Accessories,931.2,2025-04-09,Silver,7,1,0,5,1
e5d6f6e6-9a6e-42f5-8cc4-29038bcf53a1,Nancy Brown,Male,28,Germany,Smartwatch,1817.9,2025-05-29,None,5,14,1,2,0
45df16b6-382c-443f-bcfc-9b793875394c,Daniel Nguyen,Male,34,Germany,Phone,761.69,2025-06-26,Silver,6,1,1,6,1
638c254c-076e-4bba-bc53-08bf6f92f25e,Kelly Edwards,Other,55,USA,Smartwatch,1076.58,2025-04-15,Platinum,6,3,0,3,1
cc530e36-addc-4e13-ab3b-4d37560c95ee,Thomas Peterson,Other,41,India,Accessories,1588.94,2025-04-27,Silver,8,5,1,8,0
d72b6108-2a40-4f12-b963-f37f67814c1f,Raymond Le,Male,22,Australia,Smartwatch,853.43,2025-04-12,Gold,9,6,1,4,1
fb10987f-20ac-4703-ab67-146a77a6e17c,Melissa Bishop,Male,69,Germany,Tablet,1281.96,2024-08-31,Silver,2,9,1,2,1
e82c7d7b-06e7-45f9-88bc-539c9f4c3b79,David Grant,Male,51,Germany,Tablet,1738.49,2024-12-04,Gold,9,18,1,1,1
a9ba5a27-907b-4e36-9786-48f864de82e6,William Evans,Male,23,Australia,Accessories,1904.09,2025-05-04,None,10,18,1,1,1
6db99102-a48b-4dbe-957d-94a106f028ff,Daniel Bush,Female,39,France,Accessories,379.44,2025-01-22,None,9,25,1,2,0
2e85cb21-7631-4e9d-9de9-f86322bd3388,Gregory Peck,Male,28,Canada,Smartwatch,1860.52,2025-05-16,Gold,10,21,0,1,1
53cd6268-610c-4373-8299-9aa40cdf742b,Denise Martinez,Other,65,USA,Smartwatch,1035.02,2025-06-30,Platinum,10,28,1,3,1
56666f9f-53ac-4ab9-b467-2cd9362f5e5c,Jamie Baird,Male,33,Australia,Tablet,590.66,2024-11-06,Platinum,7,11,1,1,1
473bd358-610e-4a64-a130-1617c2dff335,Tina Ballard,Female,50,Australia,Phone,972.36,2024-08-28,Platinum,1,2,1,9,1
6bebac31-d4f8-4d72-b382-1cfdc083b73a,Dwayne Klein,Other,26,France,Phone,1962.06,2024-11-08,None,7,12,0,8,1
78660765-14f7-4e8d-95bc-b8d04094dded,Jeremy Scott,Female,23,Germany,Accessories,1035.97,2024-09-08,None,10,17,1,1,0
0d557b61-8a17-4dfe-bfc0-0dc804f64d86,Dale Ryan,Male,33,Germany,Smartwatch,724.63,2025-07-31,Platinum,5,7,0,8,0
39669fa7-5997-4043-b3b1-025bfff9f585,Melissa Taylor,Other,46,USA,Phone,1303.46,2025-01-21,Silver,6,20,1,5,0
f510ab53-c7fe-439f-9190-f938a66fd7f7,Laurie Sanchez,Male,20,UK,Smartwatch,556.28,2024-09-20,Platinum,10,14,0,0,0
07f194f9-c115-4d6d-8a4e-5b70a6d964a3,Kiara Little,Other,37,UK,Laptop,244.14,2025-01-29,Silver,7,0,1,3,1
d6d7b3b8-3309-4d35-bf4d-f561f319c125,Jason Love,Other,53,Australia,Tablet,344.87,2025-03-31,Platinum,5,2,1,0,0
3d114802-2702-478b-9f0f-da8d05379ff6,Randy Smith,Other,36,Germany,Smartwatch,343.29,2025-03-30,Silver,7,25,1,5,1
1d48a071-ab61-47b1-b93b-4c3220500494,Tanya Russell,Female,43,Australia,Smartwatch,388.62,2024-08-27,None,9,7,1,3,1
770c7798-37cc-463b-b2a0-345990604f62,Sherry Woods,Male,20,Australia,Smartwatch,363.77,2024-12-04,Platinum,3,3,0,2,0
5e6fea07-c453-4f1d-8199-2fdfb31022f0,Victor Morris,Female,36,Germany,Phone,1317.66,2025-04-21,Platinum,8,15,0,2,1
f6b751f7-9b74-4245-9b1b-c8952af43ab7,Susan Davis,Female,37,France,Smartwatch,445.57,2025-05-21,Gold,2,29,1,8,1
c71d5e60-1d52-46ab-b7e6-427cbf780e3f,Kimberly Sharp,Male,49,Canada,Laptop,756.77,2025-04-18,Platinum,7,22,1,5,0
4fa03f26-f6f7-40cc-a9ec-8e49d1bdb8c0,Susan Thompson,Male,24,Canada,Phone,1803.9,2025-05-20,Silver,2,9,0,8,1
edcb8cb6-0692-4c63-9424-aed51bac5c15,Casey Gillespie,Male,69,France,Accessories,1000.53,2024-10-13,Gold,4,11,0,4,0
e87466d7-ad66-41bd-9367-6a024fdc6e1b,Jennifer Simpson DVM,Other,58,Australia,Accessories,1368.36,2024-09-21,Platinum,7,13,0,1,1
f1043785-658b-4523-a014-1de9f54ad0a2,Tammy Mcdowell,Female,50,France,Tablet,427.41,2024-08-10,Platinum,3,13,0,7,0
9793b9b4-1374-4146-b2c5-bd89b70b3420,Keith Rodriguez,Female,57,India,Laptop,465.35,2025-05-07,None,2,1,0,4,1
3e2b6091-a092-452a-94a0-57a7b0cc1b3b,Mrs. Virginia Daniels,Female,56,Germany,Smartwatch,177.65,2024-09-28,Gold,10,22,0,1,1
4d3485c5-c5c1-4eb4-b27b-3d901a16342c,Todd Rosales MD,Female,35,India,Laptop,420.98,2025-05-05,Silver,7,4,0,3,0
ce3714af-99b4-4350-af2b-99b4d9acd158,Brian Martin,Female,57,UK,Accessories,629.32,2024-08-10,Platinum,1,4,0,8,1
90e0f4a0-fbdd-4933-8bd5-8bf61efd76e9,David Lopez,Other,18,Germany,Smartwatch,436.32,2024-10-08,None,8,5,0,3,1
8861fe18-58e2-4888-8a83-81bec85aca46,Rachel Bradley,Male,28,Germany,Laptop,268.53,2025-02-14,Platinum,3,12,1,3,1
11a72609-5edd-4bbf-a959-76636daa2e68,Casey Chase,Other,45,USA,Phone,329.21,2024-12-18,Gold,2,8,1,1,1
033d2bce-575a-4d2c-a5c5-650c8186a576,Samantha Robertson,Other,42,Germany,Smartwatch,975.48,2025-02-25,Silver,3,29,1,5,0
7d7ddbed-d284-476c-ab88-f83dd97dc9cd,Michael Lopez,Other,67,UK,Phone,492.03,2025-02-22,None,5,21,0,1,1
5cb85aed-f5f6-4c97-aefb-63b11b049863,Franklin Wright,Male,40,Canada,Laptop,792.11,2025-06-06,Platinum,8,27,0,6,0
75b17a55-d426-4982-a43e-4288a2b5b498,David Molina,Male,48,Canada,Smartwatch,1056.49,2025-06-21,Silver,10,28,0,2,0
2d174fc9-6f7c-45ea-a72a-6d8eb5122df8,Elizabeth Sharp,Female,47,Australia,Tablet,1411.75,2025-05-12,Platinum,7,14,0,2,0
a6846099-f729-4951-8591-31d2bbda0242,Matthew Schwartz,Other,59,Germany,Tablet,174.69,2024-11-14,Platinum,7,13,1,4,1
eb6c1016-cee6-44d0-9dac-6e8345241ea6,Bryan Parker,Female,52,Canada,Accessories,1618.88,2024-10-09,Gold,7,23,1,2,0
7701f7bb-7bc6-4e1f-864e-e6e389c5b31a,Jonathan Jacobson,Male,24,India,Smartwatch,1293.01,2024-12-28,Gold,8,6,1,1,0
97ac6aa8-bb24-48a3-9363-57b66f81cf4f,Emily Wilson,Male,33,Australia,Laptop,255.34,2024-09-24,Platinum,1,24,0,9,1
3ed8c56c-da09-4fa0-9282-8d8044b591f7,Elizabeth Mendez,Male,43,Germany,Tablet,1759.8,2025-05-24,None,4,19,1,8,1
4767d76c-162f-4a24-af43-613cd4aac9a3,Casey Hernandez,Male,65,India,Accessories,1849.66,2025-06-05,Gold,6,1,1,1,1
c01f36bf-3e6d-458b-b367-c28de1b294de,Lisa Perry,Other,69,France,Smartwatch,216.05,2025-07-11,Gold,9,6,1,1,0
ab0e664e-9c3e-42d5-91e1-aa9676f72255,Kaitlin Medina,Female,66,France,Tablet,626.07,2024-11-18,Gold,2,5,0,7,0
7e8adee7-0758-4201-961e-16d16105716b,Colleen Wright,Male,19,USA,Smartwatch,1631.78,2025-05-17,Gold,1,16,0,8,0
7cd0129d-2e8d-4e87-9334-20e6d9d80b8d,Shelley Miller,Female,18,Germany,Accessories,1521.69,2025-07-16,Silver,10,26,0,6,1
4223623b-cc3e-4dde-9ad5-cf06364d7c87,Michael Miller,Male,65,France,Laptop,450.59,2024-09-20,Platinum,2,24,0,2,0
989d9d4a-e15c-4666-8797-b2c957207246,Amy Kelley,Female,29,France,Accessories,497.76,2025-06-01,Silver,7,24,0,8,0
8e485223-46b9-4991-a14e-b70db380c73a,Laura Hernandez,Female,22,Canada,Laptop,803.9,2025-07-21,Silver,3,27,1,2,1
30e912f2-f2b4-4abf-8441-aefd0299436a,Joseph Wilson,Male,54,USA,Phone,1020.59,2024-08-17,Platinum,10,1,0,4,1
680bac63-b856-4035-bdc9-829015eabb27,Kevin Davis,Male,49,USA,Tablet,1274.68,2024-12-14,Gold,2,2,0,8,1
3d85de89-c217-4429-8e20-07247d137018,Rhonda Chavez,Female,26,Canada,Phone,800.94,2025-06-15,None,7,4,1,2,1
b63b4dc3-a559-4463-b9e1-3ceab0cbc61f,Joyce Brown,Other,58,Germany,Laptop,978.82,2025-01-19,Gold,2,4,1,6,0
046a0df5-cafd-4613-b2bb-912d7da67785,Robert Cummings,Male,52,India,Smartwatch,1520.19,2024-11-19,Gold,3,0,0,0,1
6786d506-38ba-4abc-8b53-05e517d2582e,Robert Reese,Male,36,Australia,Laptop,169.7,2025-02-25,Gold,7,7,1,3,0
a9f948b2-4e63-44bb-be49-3f43b118f68d,Amber Cooper,Other,65,Germany,Laptop,579.63,2024-08-30,Gold,4,11,0,3,1
8db06746-7927-4973-9e78-1fd794e0d3ba,Zachary Michael,Other,33,India,Smartwatch,1455.36,2024-11-16,None,1,23,0,6,0
ff233d5f-6ced-415d-9800-7c0287ea7ff5,Timothy Johnson,Male,20,USA,Phone,1800.89,2025-05-09,Silver,5,3,1,7,1
5a104129-54ae-4d1b-8ce6-424dbef59fe6,Randy Cannon,Male,37,UK,Tablet,1072.19,2025-03-17,None,9,12,0,0,1
4e7ed827-455a-4762-b428-a656b3ee4d3b,Maria Fisher,Male,41,Germany,Laptop,1111.02,2025-04-06,Platinum,8,22,1,4,0
b8a6171f-1ee3-4dc4-bb04-8a8b405bfdc9,Janet Kane DVM,Male,50,UK,Laptop,303.63,2024-09-04,Gold,9,14,1,6,0
be2d740a-1e9b-43bc-90c7-c006314d3441,Michael Stanley,Female,41,India,Tablet,950.08,2025-02-14,None,10,10,1,3,0
b0ae8f08-c31e-4bbc-b36c-b62b892e6161,Martha Bailey,Female,69,Germany,Laptop,1111.97,2025-01-29,Platinum,9,9,1,3,1
bd1531c8-3764-4bda-b108-d4482f65fafa,Joshua Rice,Female,28,UK,Tablet,560.69,2025-02-20,None,7,2,0,3,1
96ef2ad6-b97e-4703-86c8-adfe7bf47042,Courtney Smith,Male,66,UK,Tablet,611.56,2024-12-23,Gold,4,21,1,5,1
98c7472a-864e-4a13-829c-fc0cfa02eaec,Edwin Nunez,Female,25,Australia,Tablet,816.84,2024-08-27,Gold,5,13,1,6,1
d52721e7-19bc-443e-bb02-bebb48729a4d,Kim Morrow,Male,53,Germany,Smartwatch,138.14,2025-02-16,Platinum,1,15,0,1,0
5c62b3a2-3a3c-463e-8bd6-cee631b1b099,Gregory Hill,Male,55,UK,Phone,711.95,2025-07-05,None,1,9,0,4,1
b540b30e-039f-4a25-8d61-68bd2defe193,Molly Rodriguez,Female,57,Australia,Phone,501.75,2025-03-14,Gold,3,28,1,3,1
0ba6eab9-4639-447b-a067-bdac88bd13d1,Jennifer Miranda,Male,37,Australia,Accessories,722.24,2024-10-09,Platinum,8,9,0,2,1
4ac9778d-8da8-4ee4-8df5-6ac6f96b648a,Alexis Harris,Female,52,Germany,Smartwatch,327.55,2024-12-26,None,2,11,1,6,0
a34b6cf6-2053-4a42-b1af-db65b289f224,Andrew Harper,Female,65,UK,Accessories,1792,2024-10-06,None,4,29,1,5,1
1a432f0a-7daa-49f0-80b6-fce2de53790a,Amber Yang,Female,42,Australia,Phone,1227.83,2024-11-13,Platinum,2,8,0,6,1
48ca7651-92f5-4f7b-8323-d342df6a8f93,David Robinson,Female,52,USA,Phone,1390.29,2025-06-02,None,5,0,0,4,1
5738811d-70c2-403f-ba8d-03aa782a65e0,Amy Gordon,Female,42,Germany,Phone,1599.43,2024-09-14,None,9,4,1,5,0
40a26c60-0d27-4659-b72a-da9b2f32751e,Robert Dennis,Other,46,USA,Laptop,1047.04,2025-07-19,Gold,1,19,1,4,1
1d34d08e-7a4c-45d4-9c99-e04cf0e98b3b,Kyle Chambers,Other,35,Canada,Accessories,265.15,2025-03-16,Gold,5,7,0,6,0
7de31a51-6694-4343-90ba-58e3d2762bdc,Eric Thomas,Other,63,France,Smartwatch,1120.5,2025-04-24,Gold,9,10,0,1,0
afbb411a-a123-4a8c-93b7-a88612f70c97,Connie Turner,Other,35,USA,Accessories,1215,2025-05-13,Platinum,1,11,1,4,0
cfa701cd-2631-400b-a6d7-94d30db95301,Travis Hobbs,Other,19,UK,Phone,1516.34,2024-09-19,Silver,9,0,1,5,1
15ce6a66-4dc8-4a1e-b2f9-e5fa90164161,Lori Simmons,Female,52,India,Smartwatch,920.15,2024-11-02,None,8,24,1,5,0
8edddfcd-1e52-4770-bf89-7142fe716b14,William David DDS,Male,33,Canada,Accessories,342.4,2025-05-20,Platinum,4,21,0,4,0
989bc4da-9b37-422b-aa8a-616fc3b290d0,Emma Butler,Male,58,USA,Phone,639.17,2025-02-19,Silver,10,19,1,9,0
c693da11-39c6-41ca-9e50-aa42ca6dfda1,James Webster,Female,53,Australia,Phone,789.86,2024-08-06,Silver,5,27,0,6,0
e893be3d-7354-4a6f-a160-745985c7504b,Samuel Turner,Male,50,Canada,Smartwatch,1327.24,2024-08-23,Platinum,5,24,0,9,0
96a9954f-dc33-41f9-8c1f-55ab715629ee,Renee Melendez,Male,21,USA,Tablet,1184.48,2025-07-05,Silver,6,10,0,7,1
9191b363-4e2d-4645-adc7-cac7fd72b050,Tracy Grant,Other,50,Australia,Smartwatch,776.58,2025-07-07,Gold,7,4,1,6,1
f5c9b047-9c10-4572-8f6b-40d09efba58b,David Harris,Other,31,USA,Tablet,1974.38,2024-08-10,Platinum,8,14,1,4,1
c342bd2b-f295-456e-9967-5f06bd767e35,Tammy Boone,Other,38,India,Laptop,1250.97,2024-11-08,None,8,4,0,0,0
43bfd931-3605-4f54-a021-c0ca3531968d,Nathaniel Lee,Male,65,India,Smartwatch,550.73,2024-08-23,Gold,2,11,0,4,1
3d67cde9-2834-44c0-94c8-b3b4a911d192,Michael Morrison,Other,37,Australia,Tablet,293.39,2025-02-05,None,9,4,1,9,0
2812859a-1337-439e-8d4f-5d272c7f0b79,Chelsea Gill,Female,25,USA,Accessories,390.43,2024-12-25,Silver,7,16,1,1,0
b07aa066-7354-45ea-a894-9b8d00af5b3a,Kristin Mendoza,Male,24,France,Phone,567.32,2025-01-01,Gold,4,16,0,4,1
085b15fb-4a8f-4810-b84c-2f29980402a2,Felicia Krueger,Male,20,India,Laptop,405.29,2025-07-29,None,4,23,1,4,1
48603b32-b4fb-4eb9-89c1-3de73b4206c5,Timothy Hayden,Other,34,India,Smartwatch,454.48,2024-10-03,Platinum,8,11,1,1,0
1238d630-743b-45a2-9c0f-2fcfb3f6fe0d,Zachary Mendoza,Female,50,India,Tablet,641.68,2024-10-14,Silver,4,23,1,4,0
43b9da13-ec85-4f37-bbc1-a987aff8754d,Larry Harris,Other,65,Germany,Accessories,429.41,2025-08-02,None,6,27,1,3,1
96fc734d-a003-4d28-8a8f-3653c9af18f8,Kristen Rowe,Other,29,Canada,Tablet,1803.85,2025-07-05,Silver,5,14,0,0,1
32a447b2-ef04-457d-8dcc-c33aa9434aa0,Joseph Howard,Male,68,USA,Smartwatch,252.44,2024-08-19,None,3,14,1,2,1
398d1ca6-8b68-40b5-9d61-fac36cd5e859,Jose Crawford,Male,39,France,Tablet,1096.57,2025-03-08,Platinum,10,5,1,0,0
44007d5a-e88d-4719-a624-2b40a5cb63a2,William Harrison,Other,39,India,Smartwatch,879.75,2025-06-13,Gold,2,11,0,4,0
0f44704f-1247-4a4e-a469-98e8d39e198b,Suzanne Wood,Male,63,Germany,Tablet,1966.52,2025-07-26,None,9,26,0,3,0
9854ce4e-4ebf-45c3-8ae9-b4a72a79ea68,Justin Walker,Male,47,Canada,Phone,312.87,2025-05-10,Silver,10,28,0,6,1
ebd34616-91b7-4d8e-9301-6989bfbbb17f,Dean Donovan,Male,55,UK,Smartwatch,855.93,2025-05-20,Platinum,9,19,1,4,0
77fc9703-1fd5-4423-b06c-5c5649e2623d,Jennifer Hernandez,Other,55,Australia,Smartwatch,1941.99,2025-04-17,Gold,1,17,1,9,0
670acc5c-b321-4f21-8dd8-eb85b04d3376,James Whitaker,Male,62,UK,Laptop,1744.46,2025-01-15,Silver,10,13,0,3,0
8a3c3b5e-801e-41da-85b1-ed25f1533ae8,Mr. Michael Scott PhD,Other,68,India,Phone,1652.44,2024-11-01,Platinum,3,1,1,1,1
9918ee46-1497-4658-b010-f7197e695d0d,Maria Henry,Male,25,France,Smartwatch,590.02,2024-12-08,Silver,8,8,1,3,1
bc0a6a5d-6e99-4e3e-a3b1-37fc0a3450fc,Robert Jackson,Female,44,France,Accessories,424.69,2024-11-10,Platinum,6,4,0,1,0
069f14f1-4018-4c6e-9a8c-fa3c5283aac7,Katherine Stark,Male,44,Canada,Tablet,1370.42,2025-01-14,Gold,5,19,1,7,1
ac9ed156-f63f-4e41-ba9a-ca5e176132ed,Maria Brown,Other,51,Canada,Accessories,1865.81,2025-07-27,Gold,5,25,1,2,0
964db03f-9340-4fad-9c4a-d56bd6016237,Ryan Landry,Male,38,USA,Tablet,1157.85,2025-05-12,Silver,6,28,0,8,1
c3c75611-ffe3-4a49-854f-92fff366bad4,Pamela Gutierrez,Other,47,Australia,Tablet,1186.06,2024-12-08,Platinum,7,0,0,3,1
9384ec2b-44fe-4cae-9248-a9a7ac1aa554,Crystal Mann,Other,50,Australia,Laptop,631.96,2024-11-19,None,1,22,0,5,1
2cd94cbb-c19a-458c-835b-1c8c0a4c9f7f,Jonathan Brooks,Male,45,India,Smartwatch,1562.04,2025-06-22,Gold,9,2,1,9,1
7135f221-a6c9-437f-84da-d06a7872bdeb,Mary Jensen,Other,64,UK,Tablet,455.38,2024-09-05,None,3,5,0,4,1
ff37d19c-2e76-428b-8735-44f9ea83bf00,Mr. Aaron Arnold,Male,50,USA,Laptop,714.99,2025-03-15,None,4,4,1,9,0
d0725b5c-a281-4044-af96-288295d82980,Joseph Hill,Female,22,France,Accessories,908.33,2024-12-28,Silver,10,20,1,0,1
785299f4-175b-498d-b814-01027de1bdfe,Alicia Li,Other,65,USA,Laptop,1064.46,2024-09-21,Silver,1,26,1,8,1
5230dfbd-5553-42fe-a889-803e5913f9d3,Renee Browning,Other,36,UK,Accessories,560.58,2025-02-16,Silver,10,4,1,0,1
292bd156-db94-4570-9ac7-0ec0ab8ddeb4,Brent Hernandez,Other,21,France,Smartwatch,318.19,2025-04-24,Platinum,3,0,0,7,0
7ed70ed7-b194-490b-a961-929e546e035a,Joseph Ochoa,Other,52,Canada,Tablet,1260.18,2025-07-22,Gold,2,16,0,8,1
668409e3-f1f8-443e-a99f-131849c8a43f,James Watson,Female,66,Germany,Phone,648.4,2024-08-26,Gold,2,18,0,8,0
0964fbbf-8cd3-41b0-82b0-1cfdd045dd1c,Karl Branch,Female,34,Germany,Accessories,1204.35,2024-10-14,None,1,13,1,0,0
409d3602-5084-4242-968b-1625746f7891,Michael Abbott,Male,61,Canada,Tablet,393.29,2024-10-31,Silver,8,11,1,1,1
c5c5b37a-f85e-46a1-9dad-09b252c21221,Shannon Malone,Other,45,India,Phone,1014.17,2025-06-14,Platinum,3,9,0,0,0
d32e6dcd-83bc-4478-9d6a-c7b86778043b,James Tran,Other,47,USA,Phone,1111.92,2025-02-22,Gold,3,19,0,9,0
de8ede0b-a85c-4e4a-804b-6fabfcf56188,Adam Jackson,Female,46,France,Accessories,198.46,2024-08-23,Platinum,6,20,0,1,1
0de051a6-69ca-47d2-b644-14fd8ae769ed,Mr. Richard Knight PhD,Male,63,Canada,Tablet,739.55,2025-01-08,Silver,8,17,0,9,0
9f64eeed-5c9d-427d-84b8-71bb300568d2,Joseph Williams,Female,23,Australia,Phone,355.39,2024-09-01,Silver,9,23,0,7,0
71299889-a01a-4992-bf9d-3e64c1a6423b,Sean Clay,Female,52,Canada,Laptop,220.41,2025-07-12,Gold,9,26,0,4,1
445dcc38-341c-4494-8d36-6dfcc28ebd70,Anthony Jones,Male,58,India,Laptop,1980.92,2025-02-02,None,4,10,1,6,0
49bc473f-ed7b-4656-a18a-15368c99a894,Stephanie Elliott,Other,54,USA,Tablet,712.47,2025-07-08,None,5,29,1,1,1
7c16128d-b2c0-4394-a17f-29e170286046,Timothy Edwards,Other,41,Canada,Smartwatch,1638.76,2024-11-23,Silver,2,1,0,7,1
a14923c2-f920-464c-8763-fcd01f15c7b6,Laurie Goodwin,Female,46,Australia,Laptop,583.82,2025-06-02,Silver,9,24,0,5,0
b5b453ca-3d42-493c-8c9f-d3349bdf0377,Jennifer Jones,Female,66,UK,Accessories,1394.86,2025-06-30,None,8,17,1,7,1
03802b70-8d03-491e-8f8d-5238288b78b5,David Davenport,Female,63,Australia,Tablet,1544.43,2024-12-04,Silver,3,28,0,0,1
3985fb62-17dc-4eff-a872-13f98d605936,Steven Rivera,Male,48,Canada,Phone,1231.71,2024-12-11,Gold,9,24,1,0,0
1d0bc9bd-e9b5-45cf-9766-5cdafe049059,Brenda Hinton,Male,52,France,Laptop,995.99,2024-09-08,Gold,3,6,0,6,1
a5d04d53-1e12-42e3-b272-92b6762172ed,Kathryn Mccann,Female,50,Australia,Tablet,882.5,2025-03-08,Platinum,9,23,1,7,0
eec259dc-7f95-497c-a76a-a6ced50755d9,Jeffrey Roberson,Other,69,USA,Tablet,762.85,2025-01-30,None,2,14,0,2,0
b495db4e-8245-4fb4-8ab7-706eb77350ca,Randy Friedman,Other,38,Australia,Smartwatch,1866.11,2024-08-09,Silver,10,10,1,4,1
7b85179a-d5b0-47e0-aa5d-932b45ff2c83,Raymond Johnson,Male,49,France,Phone,1678.18,2024-12-27,Platinum,9,17,1,0,1
74eff545-3e65-4603-b8e3-654bfaf14ff0,Willie Henry,Male,40,Australia,Phone,1933.55,2024-10-22,Gold,8,22,0,6,0
30cbd755-6232-417a-a507-41818d1fb540,Todd Reynolds,Other,50,USA,Phone,336.16,2024-11-27,None,9,11,1,4,0
bf0d073d-821c-4336-9970-cf60ebff8d15,Mary Miller,Male,20,UK,Accessories,1488.65,2025-03-12,Gold,5,5,1,7,1
11df12d7-dd30-4e89-a2f2-35f2e11b868d,Rebecca Marquez,Other,35,France,Tablet,1882.85,2025-06-06,Silver,2,19,0,7,1
dabac50d-ca3d-4859-85ce-099c46b82659,Christian Dawson,Female,42,Germany,Accessories,444.34,2024-12-02,Platinum,8,22,1,8,0
c9a7d91f-ef2a-4713-9702-10496a39aaa6,Nancy Stewart,Male,59,Canada,Accessories,226.34,2025-05-20,Silver,6,29,1,6,1
00a81de9-d20f-47d0-8465-6d6b81fb18b3,Aaron Parker,Female,48,UK,Tablet,1508.13,2025-04-04,Silver,8,12,0,0,0
d664d264-4c6e-47ff-b9de-7a3a486822b9,Derrick Anderson,Male,20,USA,Phone,1191.5,2024-11-08,None,5,19,0,2,1
a8f1e091-ffb8-402d-9475-dbc996418ced,Jerry Peters,Male,57,France,Tablet,1699.47,2025-02-02,None,10,15,0,7,0
7250ee18-260a-4962-9d81-b7f57d5911c6,Alexander Gomez,Female,63,Canada,Smartwatch,365.57,2024-12-27,Silver,2,17,0,2,0
551ac8ea-585a-4afa-bbfd-cc1289e06ab3,Kyle Nguyen,Female,41,UK,Tablet,1611.01,2025-03-23,None,6,9,1,7,1
6090d697-8b1e-4b9d-834b-9fbb8d4a75b8,Edgar Hughes,Male,67,USA,Tablet,483.09,2025-02-13,Platinum,5,27,1,0,1
de9e3757-5260-401e-aecf-67d2749176f4,Steven Stein,Female,49,Australia,Laptop,410.95,2025-06-02,Platinum,5,22,0,4,1
3d225c30-b28f-41de-bb14-0bc3304b8590,Laura Jackson,Other,64,Germany,Smartwatch,412.11,2025-06-03,Silver,1,7,0,3,1
db23aa8c-3bca-4f85-a20a-60ac9261549d,Charles Turner,Other,39,Australia,Laptop,1647.69,2024-10-20,Platinum,2,17,0,4,1
517400f8-0b2c-482a-a928-8e92c68a152f,Arthur Hamilton MD,Female,40,Germany,Phone,1363.87,2025-05-17,Silver,8,20,1,7,1
e9d68f23-b489-4070-b914-f8a8bea4ff31,Mr. David Wright,Other,19,USA,Phone,1093.82,2025-07-21,Platinum,3,0,0,9,1
fd08b32c-62d6-4e93-a198-5d54cfb87e6f,Linda Gonzalez,Other,44,Germany,Smartwatch,781.78,2025-03-06,Gold,10,22,1,3,0
a6eab79e-d21c-42f8-8ada-4f80a9e782d4,Eric Rush,Other,59,UK,Accessories,1766.68,2025-05-28,Silver,3,7,1,3,0
f6febc0e-7ecd-4baf-a6f0-5fcffb16e5db,Manuel Brock,Male,19,Canada,Tablet,845.65,2025-06-11,Platinum,8,28,0,2,0
f72169bb-8096-4718-a051-acef097a1e10,George Ochoa,Other,43,Australia,Laptop,1651.54,2024-11-09,Gold,8,5,0,6,0
19b17e80-dea4-4e17-94fd-9ad39716108e,Valerie Taylor,Other,34,Germany,Smartwatch,934.36,2024-10-03,Silver,2,4,1,2,1
1986b4b2-70b7-4868-9854-80f0dfcaf0b7,Travis Harris,Female,57,Canada,Laptop,816.19,2024-08-08,Platinum,8,14,1,2,0
03edd1f8-74f9-4d17-a912-b4bf86a4bae4,Vincent Novak,Other,50,India,Tablet,979.09,2025-08-03,Platinum,1,21,1,9,1
def57689-68f4-4bce-a4e7-5e8eb8f21423,Michael Henry,Male,26,Germany,Accessories,672.62,2025-01-12,Gold,6,14,1,4,0
1327f1bc-2784-478f-b84f-16b3a79fbfaf,Dana Bennett,Male,60,India,Laptop,1520.46,2024-08-15,None,8,1,1,4,1
43d88870-f81d-4aa1-8812-0a8e78308930,Jenna Wilson,Female,65,Canada,Smartwatch,1055.17,2024-11-04,None,3,0,1,5,0
65c17795-b155-46bc-9f8d-ed9756abf2f1,Leslie Gardner,Male,56,France,Tablet,541.2,2025-03-04,Gold,8,22,0,7,1
541cdfcd-da0d-4a5f-948f-8b74a65bb1f2,Krista Benton,Male,46,Canada,Tablet,1809.19,2024-12-18,Gold,1,22,0,9,1
889b78d5-dbfd-497e-aca2-b148da330aa1,Michael Gonzales,Other,59,UK,Accessories,829.39,2025-04-09,Silver,9,25,1,5,0
a075e927-5110-4492-b442-7e0b61484bb3,Michael Fuentes,Other,43,France,Smartwatch,1132.75,2025-06-28,None,9,10,0,0,0
7cea2045-c268-483e-a32f-2e63b7fddd71,Jennifer Porter,Male,52,Australia,Tablet,1822.3,2025-05-02,Silver,5,9,0,7,1
9e11d2cd-0930-4ef6-8a80-068ddf547e50,Dana Hopkins,Female,67,France,Laptop,1286.05,2025-07-12,Platinum,10,29,1,7,1
af34cf65-a193-44b2-bc19-e71d118405ad,Rachel Jones,Female,42,Australia,Phone,322.11,2024-08-09,Gold,4,17,0,8,0
3a3c8a71-ff57-4e2b-8991-ab9bebc2026f,Karen Morales DDS,Other,41,Germany,Smartwatch,1885.68,2024-12-14,Silver,6,17,0,8,1
fa745761-6f18-4108-9723-199dbf2c14a0,Melissa Stephens,Male,30,Germany,Laptop,1292.65,2024-08-06,Gold,7,16,0,1,0
b4323070-a23d-4c2f-82a7-96891933918c,Heather Woodard,Other,24,Germany,Accessories,736.32,2025-05-27,Silver,5,25,0,1,1
2a96e1e2-7194-4ae2-99ba-d7aedf615a5c,Margaret Miller,Female,53,Australia,Accessories,364.62,2025-04-18,Platinum,10,7,1,2,0
0769165f-e746-4cb9-8ca9-cf07b1aa0f6a,Mary Kelly,Male,62,Canada,Tablet,1608.65,2024-12-30,Platinum,9,14,1,0,0
0e5dd462-cbd0-4ef2-930a-37df0bc61066,Amanda Terrell,Other,37,France,Accessories,1278.14,2025-07-01,None,3,7,1,3,1
6e417d47-5ff5-45ea-9bc4-40f14b1a269b,Jennifer Goodwin,Other,18,UK,Phone,1113.58,2025-05-19,None,7,16,1,3,0
697c3923-87fa-441a-be83-b91f25440fe0,Jessica Smith,Female,25,UK,Laptop,1798.4,2025-05-15,Platinum,10,11,0,8,1
2e183554-cae2-4e66-ae8a-781390e0a95b,Jorge Stone,Other,63,Australia,Smartwatch,1598.33,2024-12-03,Silver,10,26,0,8,1
9c07a751-1437-4509-acd1-586a2b840c67,Laura Griffin,Female,33,India,Tablet,388.18,2024-09-15,Gold,5,7,1,8,1
aee1e86b-9ea5-46aa-a1ee-6c5bdeef580f,Raymond Chapman,Female,31,Australia,Smartwatch,692.27,2024-10-24,Platinum,7,24,1,9,0
9549c931-e9af-499d-bf67-1eec3da70577,Haley Johnson,Male,29,USA,Laptop,572.13,2025-02-27,Platinum,2,13,0,6,1
a34db7c5-760d-4bbb-bb70-b3a124a35cf2,Jason Nixon,Male,68,UK,Phone,1513.5,2024-11-06,Silver,4,3,1,1,0
aab612c9-415d-474a-b5a6-69814104a8b5,Todd Thomas,Other,40,Germany,Laptop,163.71,2025-01-16,Platinum,2,0,0,9,0
771ad655-cdfc-4ee0-a61e-de900267deb3,Jesse Clark,Female,32,India,Laptop,1182.79,2025-02-13,Platinum,7,0,0,4,0
8beddb12-ad77-482f-89a2-3a89e6b5a92c,Mr. Jeffrey Horton,Female,45,Australia,Tablet,1548.67,2024-08-29,Silver,2,18,0,3,1
f1faf665-7115-43f3-92e8-9d1028711733,Eric Patrick,Male,51,Germany,Smartwatch,1765.85,2024-09-30,Platinum,1,15,1,7,1
4c955f6a-966b-4964-bcd6-bdca5876fd09,Samuel Wong,Male,19,France,Laptop,749.96,2025-05-09,None,9,13,0,1,0
b0b862ef-6c9f-42b9-b647-8986a3917c99,Carly Riggs,Female,49,France,Laptop,1660.39,2024-11-22,None,1,20,0,5,0
4d57d880-d865-469a-b4f3-310340066ff2,Christopher Moore,Male,40,Canada,Phone,310.2,2024-09-11,None,8,15,0,4,0
da743152-627b-41a1-bfd6-f23232ffe294,Tina Hall,Other,39,Germany,Accessories,1708.26,2024-08-23,None,2,4,0,1,0
61a11729-3cb9-4350-9b4d-a0fe7bb38605,Cody Davidson,Female,68,UK,Phone,342.23,2025-07-29,Platinum,8,8,0,9,0
4bbe4aff-9326-4ffd-9be4-bf5192698698,Allen Mendez,Male,42,USA,Smartwatch,854.85,2024-11-03,Gold,3,25,0,0,1
059dd55d-4b94-4e30-b303-f438fe2110d0,Kevin Price,Other,39,Germany,Smartwatch,1614.86,2025-07-20,None,6,29,1,7,1
6553867d-a881-4fd3-947d-577bfa5a91ca,Christine Goodwin,Female,39,Australia,Tablet,384.84,2025-06-30,None,3,27,0,1,0
dd750e98-90e0-495f-8212-b554464458b4,Amy Garcia,Other,66,UK,Accessories,535.58,2025-02-23,Platinum,7,1,0,6,1
f93e08d5-bea2-4dfe-873f-6e1baf908e3c,Chelsea Nguyen,Other,69,India,Smartwatch,1472.28,2025-01-13,Platinum,10,17,0,8,1
bec39a37-9b3d-44bd-a91e-314e0c8e29e3,Dennis Huffman,Female,59,Germany,Accessories,1468.07,2025-05-05,Silver,9,5,1,8,1
e726be23-e776-4886-9534-ee1d7f2984f5,Margaret Harper,Other,23,India,Phone,1318.18,2025-07-19,None,2,8,1,7,1
3ae909fe-cc82-48da-8696-f5e64944051b,Laurie Bailey,Male,32,UK,Smartwatch,1418.5,2024-12-28,Silver,5,0,0,9,0
3810ae66-5a31-44cc-8d4b-69a99b689c88,Lisa Cervantes,Male,60,Australia,Laptop,1131.18,2025-01-31,None,6,8,0,8,0
402913ec-9ef2-493e-b0ac-7d7ba2f963a3,Elizabeth Mendez,Male,54,UK,Smartwatch,578.42,2025-05-23,Gold,4,24,0,1,1
c478f6f1-b88e-4318-816d-83edad81f8bd,Cesar Wilson,Other,50,UK,Accessories,756.82,2024-09-07,Platinum,4,15,0,5,0
2303f6c6-d69d-42f1-ae4c-84ffa8c01f05,Clayton Steele,Male,25,UK,Smartwatch,445.04,2025-03-19,Platinum,4,12,1,3,1
a0a11839-e745-4704-98df-bc3ca0d4de3d,Jennifer Taylor,Other,61,France,Tablet,1826.06,2024-09-12,Silver,2,8,0,3,0
c9e26074-4f16-49a0-8a17-991ea5769411,Cody Reid,Male,61,Canada,Laptop,1208.44,2025-02-18,Silver,4,20,1,4,0
5d678bb1-945e-42e4-888a-93ec70d9c9f8,Maria Cooke,Female,22,UK,Tablet,861.62,2024-09-26,Platinum,1,12,1,2,0
e8dd5e5a-1712-4b16-a1a4-344fbb7bee03,Katherine Taylor,Other,56,France,Phone,977.81,2025-04-10,Platinum,6,8,0,0,0
6a5e6920-bf5a-47e6-93a3-dd5a4b8c5bdc,Jerry Brown,Other,21,USA,Smartwatch,1899.84,2025-06-20,Platinum,1,10,1,7,1
c958e75e-21d5-4971-b367-49b52cf6bf75,Adam Taylor,Male,23,France,Smartwatch,391.37,2025-01-06,None,10,3,0,4,0
5da8d6d2-f8b3-4a8b-a05f-b8bc8a16a06c,Tracey Wagner,Female,62,India,Phone,1213.84,2024-09-04,None,6,1,0,2,1
45c45a3e-e9da-484a-8075-9f1f87e5f0fe,Michael Perry PhD,Male,49,USA,Tablet,1061.19,2025-03-23,Gold,1,28,1,9,1
e9ff1cae-41c8-4a8c-aa1f-955ad499da99,Bradley Johnson DDS,Male,69,India,Laptop,1261.76,2025-03-14,None,6,5,1,6,0
f7a67b94-7b5a-411a-b1b6-4afed31edf1a,Donald Medina,Female,47,Canada,Tablet,134.41,2024-08-30,Platinum,10,13,1,6,1
ded255d0-bf1e-4366-8b8e-63d4ce7607ad,Jim Newton,Female,64,Germany,Accessories,1757.04,2025-01-21,None,8,3,0,0,1
77e490c7-1d7b-4313-8de2-2f1c56b60afc,Krista Wilson,Male,52,Germany,Tablet,1871.02,2025-04-20,Silver,2,5,0,8,1
c1101266-2408-46dc-9346-d1a9f6802cdb,Reginald Morrow,Female,57,France,Laptop,1173.75,2024-09-25,Platinum,2,18,1,1,1
ad238d36-dc32-4c97-b9c1-e262f76c8ede,Rodney Williams,Male,69,Australia,Smartwatch,1423.64,2024-11-05,None,4,5,1,4,0
65bcc272-fadd-4ea3-aca5-e2fdb966442a,Kimberly Fritz,Other,33,India,Tablet,1852.75,2024-11-27,Platinum,3,1,0,4,0
8eac0a33-cdf9-44a7-9882-b5c1f79efd70,Ronald Potter,Male,30,Canada,Phone,1443.75,2024-11-15,Silver,4,17,1,7,1
6502d6a2-ca6a-4224-971e-16cc5da36f1b,Zachary Cole,Other,67,Germany,Laptop,389.82,2025-07-02,Silver,7,12,1,7,1
1fa382e8-895c-4d99-83b3-8eb403902c5d,Robert Gonzales,Male,59,Canada,Smartwatch,1194.95,2024-12-06,None,1,8,1,6,1
bfbf397b-ac3e-4b0d-9e5b-a13d746cdb77,Patricia Young PhD,Female,47,Canada,Laptop,1252.76,2025-07-31,Platinum,6,22,1,6,1
618ae305-95a5-4afa-831d-029fac1e86d8,Heather Page,Other,36,Germany,Phone,905.85,2025-06-13,Gold,3,18,1,5,1
5f18e583-f0b6-483f-a377-f6f1d289f0ab,Carol Taylor,Female,34,Germany,Accessories,1499.24,2025-01-05,Silver,10,12,0,5,1
78b2b549-3bdb-409e-acc2-16a01bbc91f7,Daniel Brown,Other,36,Australia,Laptop,1875.3,2025-05-05,Gold,7,10,1,8,0
f1738856-e25d-46eb-9e9a-9f83066803ee,Douglas Ryan,Other,45,USA,Laptop,1858.58,2025-06-25,None,10,0,1,5,0
9c2e58de-ea4e-4617-93f8-382b8fb864e4,Michael Roberts,Male,43,USA,Tablet,956.59,2025-05-18,Silver,2,23,0,1,1
a2a9d4d8-102e-4de5-a5cc-8bf738ab854c,Scott Duke,Male,54,UK,Phone,315.15,2024-12-10,Gold,2,29,1,1,1
b379cb1e-e8cd-40cc-b6da-3ca0d2e82f38,Anna Estes,Male,43,India,Phone,1971.2,2024-12-07,Silver,4,21,0,4,0
1dde7969-6886-43db-a634-8e784d5c55c7,Tamara Riddle,Male,40,Germany,Accessories,1693.91,2025-01-28,Gold,1,6,0,3,1
0986bbeb-f23e-423d-8b9b-d93423c86d30,Beth Cline,Female,26,Canada,Phone,336.86,2024-11-19,Platinum,3,24,1,1,0
1dba1267-7e1c-45a1-bef5-18a64dead645,Michael Poole,Male,29,India,Laptop,1849.6,2024-11-04,Platinum,9,20,0,2,1
899ca782-e323-4d1a-bc1b-dacc18e19331,Megan Burns,Male,18,UK,Accessories,1752.8,2024-09-04,None,7,14,1,6,0
5efa9c5b-7421-4f46-a37e-4b0122bae10e,Debra Perry,Other,18,Canada,Phone,1085.79,2024-10-23,Silver,7,0,0,7,1
b24cc64f-be3e-4e57-b30a-9e32aba4fc03,Mark Beard,Female,64,France,Accessories,1223.42,2024-09-27,Gold,4,11,1,5,1
965befdf-6b4b-4411-8a4a-0e2df22b5b98,Jose Ramirez,Female,51,UK,Phone,858.11,2025-06-04,None,2,25,1,4,1
e2aa7a5d-278e-400d-ba02-66efbe055787,Jackie Clements,Other,49,Germany,Phone,204.05,2025-06-01,Platinum,4,6,0,0,1
d56ce8ea-1959-4b5a-a7a8-f6366a35df59,Aaron Schroeder,Other,65,France,Tablet,736.87,2025-03-21,Platinum,6,14,1,7,1
f065c817-687a-4850-9d9b-62317d45d8ef,Monica Ellis,Male,42,France,Phone,1625.42,2024-09-17,None,3,20,0,2,0
b0b63bcf-0860-4833-879d-0cdaf396ea37,Heather Brown,Female,57,UK,Accessories,108.8,2024-10-05,Silver,1,18,1,5,1
71d79665-7181-4dcf-b79e-fc6e5edb0d3c,Claudia Jordan,Male,62,Germany,Laptop,733.65,2024-09-16,Gold,8,27,0,2,1
5cd8fe1a-dafe-48a9-bc71-e0bef3579560,Derrick Clayton,Other,18,Canada,Tablet,856.52,2024-10-08,Platinum,5,28,1,6,0